Id,Date,Time,League,Home,Away,Odd_H_FT,Odd_D_FT,Odd_A_FT,Odd_Over25_FT,Odd_Under25_FT,Odd_BTTS_Yes,Odd_BTTS_No
C0axT3Xo,21/09/2024,08:30,ENGLAND - PREMIER LEAGUE,West Ham,Chelsea,3.5,3.8,2.0,1.53,2.5,1.5,2.5
d8abY4hR,21/09/2024,11:00,ENGLAND - PREMIER LEAGUE,Aston Villa,Wolves,1.57,4.2,5.25,1.57,2.38,1.67,2.1
pYXoP0FD,21/09/2024,11:00,ENGLAND - PREMIER LEAGUE,Fulham,Newcastle,3.0,3.4,2.4,1.67,2.2,1.53,2.38
xtzXn47K,21/09/2024,11:00,ENGLAND - PREMIER LEAGUE,Leicester,Everton,2.5,3.4,2.8,1.87,2.03,1.67,2.1
dQG3srVs,21/09/2024,11:00,ENGLAND - PREMIER LEAGUE,Liverpool,Bournemouth,1.3,6.25,9.0,1.36,3.2,1.7,2.05
Q58Kw0U6,21/09/2024,11:00,ENGLAND - PREMIER LEAGUE,Southampton,Ipswich,2.25,3.5,3.2,1.8,2.0,1.62,2.2
W2BSyvaJ,21/09/2024,11:00,ENGLAND - PREMIER LEAGUE,Tottenham,Brentford,1.55,4.5,5.5,1.44,2.75,1.53,2.38
OIqwRMp1,21/09/2024,13:30,ENGLAND - PREMIER LEAGUE,Crystal Palace,Manchester Utd,2.88,3.75,2.3,1.57,2.38,1.5,2.5
fiy8wfGD,21/09/2024,12:00,FRANCE - LIGUE 1,Lille,Strasbourg,1.7,4.0,4.75,1.87,2.03,1.8,1.95
noOg1c8K,21/09/2024,14:00,FRANCE - LIGUE 1,Rennes,Lens,2.35,3.4,3.0,2.0,1.8,1.8,1.95
v39B1623,21/09/2024,16:00,FRANCE - LIGUE 1,Reims,PSG,6.5,4.75,1.44,1.53,2.5,1.7,2.05
pY1dP0SE,21/09/2024,10:30,GERMANY - BUNDESLIGA,Bochum,Holstein Kiel,1.91,3.5,4.0,1.62,2.3,1.53,2.38
QNoNA1DL,21/09/2024,10:30,GERMANY - BUNDESLIGA,Heidenheim,Freiburg,2.7,3.5,2.55,1.73,2.1,1.57,2.25
hvFA1cz8,21/09/2024,10:30,GERMANY - BUNDESLIGA,Union Berlin,Hoffenheim,2.0,3.6,3.7,1.73,2.1,1.62,2.2
AeNg5uyq,21/09/2024,10:30,GERMANY - BUNDESLIGA,Werder Bremen,Bayern Munich,8.0,5.5,1.36,1.36,3.2,1.57,2.25
IcrFCNr9,21/09/2024,13:30,GERMANY - BUNDESLIGA,Eintracht Frankfurt,B. Monchengladbach,1.75,4.0,4.33,1.5,2.63,1.5,2.5
S66wtFBN,21/09/2024,10:00,ITALY - SERIE A,Venezia,Genoa,3.25,3.2,2.35,2.2,1.67,1.91,1.91
Yqo4RFdU,21/09/2024,13:00,ITALY - SERIE A,Juventus,Napoli,2.2,3.4,3.3,2.2,1.67,1.95,1.8
O8QDoJsn,21/09/2024,15:45,ITALY - SERIE A,Lecce,Parma,2.2,3.5,3.25,1.92,1.98,1.7,2.05
QHlcvpRr,21/09/2024,11:30,NETHERLANDS - EREDIVISIE,Utrecht,Willem II,1.57,4.0,5.75,1.8,2.0,1.8,1.95
Mqr6xOee,21/09/2024,13:45,NETHERLANDS - EREDIVISIE,Waalwijk,Sparta Rotterdam,3.4,3.7,2.05,1.73,2.08,1.62,2.2
StoEz2Q7,21/09/2024,15:00,NETHERLANDS - EREDIVISIE,G.A. Eagles,Ajax,4.2,4.0,1.75,1.67,2.15,1.62,2.2
8xO0b5IE,21/09/2024,16:00,NETHERLANDS - EREDIVISIE,Nijmegen,Heracles,1.57,4.33,5.5,1.62,2.25,1.7,2.05
dYbQEmn4,21/09/2024,09:00,SPAIN - LALIGA,Valladolid,Real Sociedad,3.9,3.0,2.2,2.63,1.5,2.05,1.7
4b2YCRGG,21/09/2024,11:15,SPAIN - LALIGA,Osasuna,Las Palmas,1.9,3.4,4.2,2.2,1.67,1.95,1.8
xWrPG9Hi,21/09/2024,13:30,SPAIN - LALIGA,Valencia,Girona,2.88,3.3,2.5,2.07,1.83,1.8,1.95
ImLNuMV7,21/09/2024,16:00,SPAIN - LALIGA,Real Madrid,Espanyol,1.17,7.0,19.0,1.4,3.0,2.05,1.7
AkbXinVa,21/09/2024,13:00,AFRICA - CAF CHAMPIONS LEAGUE,Al Ahly (Egy),Gor Mahia (Ken),1.14,8.0,11.0,1.57,2.35,2.63,1.44
SrWp0PuA,21/09/2024,13:00,AFRICA - CAF CHAMPIONS LEAGUE,Mamelodi Sundowns (Rsa),Mbabane Swallows (Esw),1.07,9.5,26.0,1.44,2.7,3.0,1.36
INRixKVi,21/09/2024,13:00,AFRICA - CAF CHAMPIONS LEAGUE,Orlando Pirates (Rsa),Jwaneng Galaxy (Bot),1.2,6.0,11.0,1.75,2.05,2.63,1.44
vBL6EiK5,21/09/2024,15:00,AFRICA - CAF CHAMPIONS LEAGUE,Esperance Tunis (Tun),Dekedda (Som),1.04,15.0,29.0,1.33,3.4,4.0,1.22
E7vhX18U,21/09/2024,15:00,AFRICA - CAF CHAMPIONS LEAGUE,Pyramids (Egy),APR (Rwa),1.14,7.0,13.0,1.65,2.2,2.75,1.4
OYH48WQ0,21/09/2024,16:00,AFRICA - CAF CHAMPIONS LEAGUE,Raja Casablanca (Mar),Samartex (Gha),1.38,4.5,7.5,1.6,2.3,1.8,1.91
SbnctaPH,21/09/2024,13:00,AFRICA - CAF CONFEDERATION CUP,Sekhukhune (Rsa),CD Lunda Sul (Ang),1.55,3.5,5.5,2.6,1.48,2.63,1.44
42lqvuOE,21/09/2024,14:00,AFRICA - CAF CONFEDERATION CUP,Constantine (Alg),Nsoatreman (Gha),1.44,3.6,7.0,2.35,1.57,2.63,1.44
Sl7DT4Dd,21/09/2024,14:30,AFRICA - CAF CONFEDERATION CUP,CS Sfaxien (Tun),Rukinzo (Bur),1.25,4.75,10.0,2.08,1.73,3.0,1.36
nucK1Mbl,21/09/2024,15:00,ALBANIA - ABISSNET SUPERIORE,Partizani,KF Tirana,1.95,3.25,3.45,1.98,1.65,1.81,1.95
t2O0uRHO,21/09/2024,12:00,ALGERIA - LIGUE 1,Paradou,ASO Chlef,2.17,3.04,3.47,2.42,1.42,2.12,1.69
IoENsFSa,21/09/2024,16:00,ARGENTINA - LIGA PROFESIONAL,Boca Juniors,River Plate,2.5,2.8,3.3,2.4,1.53,1.95,1.8
AZklbzDt,21/09/2024,19:00,ARGENTINA - LIGA PROFESIONAL,Instituto,Barracas Central,1.53,3.75,8.0,2.25,1.62,2.25,1.57
WUBBpHrs,21/09/2024,19:00,ARGENTINA - LIGA PROFESIONAL,Newells Old Boys,Tigre,1.9,3.0,5.25,2.7,1.44,2.25,1.57
W8KwvXRO,21/09/2024,21:15,ARGENTINA - LIGA PROFESIONAL,Defensa y Justicia,San Lorenzo,2.7,2.88,3.0,2.88,1.4,2.25,1.57
xKODMAvn,21/09/2024,14:00,ARGENTINA - PRIMERA NACIONAL,Almagro,Colon Santa Fe,3.8,3.0,2.1,3.1,1.36,2.5,1.5
lIdi599B,21/09/2024,15:00,ARGENTINA - PRIMERA NACIONAL,Club A. Guemes,San Miguel,2.38,2.88,3.4,3.4,1.33,2.5,1.5
pQaz9iAn,21/09/2024,16:00,ARGENTINA - PRIMERA NACIONAL,Tristan Suarez,Chacarita Juniors,2.0,3.0,4.33,2.6,1.48,2.2,1.62
2qVQwcWN,21/09/2024,06:00,AUSTRALIA - NPL ACT,Canberra Croatia,Tigers FC,1.57,4.0,5.0,1.62,2.05,1.7,1.93
0htln2IG,21/09/2024,07:45,AUSTRALIA - NPL WESTERN AUSTRALIA,Olympic Kingsway,Stirling Macedonia,1.87,3.95,3.35,1.39,2.55,1.4,2.55
ERxUVmXg,21/09/2024,06:30,AUSTRALIA - AUSTRALIA CUP,Melbourne Victory,Adelaide United,1.57,4.33,4.5,1.53,2.38,1.62,2.2
QoGDiXj4,21/09/2024,12:00,AUSTRIA - BUNDESLIGA,A. Klagenfurt,Hartberg,2.5,3.6,2.55,1.67,2.15,1.57,2.25
SACUmkjT,21/09/2024,12:00,AUSTRIA - BUNDESLIGA,Altach,BW Linz,2.15,3.25,3.5,2.03,1.83,1.8,1.95
xQZIVkUp,21/09/2024,12:00,AUSTRIA - BUNDESLIGA,LASK,Grazer AK,1.62,4.0,5.25,1.67,2.15,1.7,2.05
hC6DDnrR,21/09/2024,09:30,AUSTRIA - 2. LIGA,A. Lustenau,Sturm Graz (Am),1.42,4.85,5.9,1.4,2.75,1.57,2.25
48Vy6Lyh,21/09/2024,11:00,AZERBAIJAN - PREMIER LEAGUE,Turan,Araz,1.7,3.55,4.55,2.02,1.62,1.98,1.65
MqMzfHqA,21/09/2024,13:00,BAHRAIN - PREMIER LEAGUE,Al Riffa,Al-Najma,1.4,4.6,6.6,1.62,2.2,1.85,1.85
YyLEnZyp,21/09/2024,13:00,BAHRAIN - PREMIER LEAGUE,East Riffa,Malkia,2.37,3.0,3.1,2.05,1.72,1.72,2.0
YNutYZMj,21/09/2024,13:00,BAHRAIN - PREMIER LEAGUE,Sitra,Ali CSC,2.18,3.2,3.25,1.88,1.85,1.65,2.1
MizppfYi,21/09/2024,11:00,BELGIUM - JUPILER PRO LEAGUE,Beerschot VA,St. Truiden,2.4,3.3,2.7,1.9,1.95,1.7,2.05
dUU8vj2T,21/09/2024,13:15,BELGIUM - JUPILER PRO LEAGUE,Westerlo,Antwerp,2.88,3.6,2.1,1.62,2.25,1.53,2.38
lp3JTYmB,21/09/2024,15:45,BELGIUM - JUPILER PRO LEAGUE,Anderlecht,Charleroi,1.95,3.4,3.5,1.83,2.03,1.75,2.0
vHOcI3ee,21/09/2024,11:00,BELGIUM - CHALLENGER PRO LEAGUE,K. Lierse S.K.,Eupen,3.5,3.5,1.85,1.67,2.15,1.62,2.2
KpNaxPnR,21/09/2024,15:00,BELGIUM - CHALLENGER PRO LEAGUE,Genk U23,RWDM,2.9,3.4,2.1,1.62,2.25,1.53,2.38
Cr2vVtu1,21/09/2024,15:00,BELGIUM - CHALLENGER PRO LEAGUE,Patro Eisden,Francs Borains,1.8,3.6,4.33,1.9,1.95,1.8,1.91
21Ck1Hl4,21/09/2024,16:00,BOLIVIA - DIVISION PROFESIONAL,Santa Cruz,SA Bulo Bulo,2.7,3.4,2.3,1.73,2.08,1.62,2.2
UTVbcZmT,21/09/2024,18:00,BOLIVIA - DIVISION PROFESIONAL,Oriente Petrolero,Tomayapo,1.65,3.7,4.33,1.9,1.9,1.83,1.83
M3SjaeJG,21/09/2024,20:00,BOLIVIA - DIVISION PROFESIONAL,Aurora,Always Ready,1.83,3.4,3.75,2.1,1.7,2.0,1.73
z3ndclqM,21/09/2024,16:00,BRAZIL - SERIE A,Corinthians,Atletico GO,1.53,3.9,7.0,2.1,1.7,2.2,1.62
zTHi0ja3,21/09/2024,16:00,BRAZIL - SERIE A,Vitoria,Juventude,2.0,3.3,4.0,2.25,1.62,2.0,1.75
2kllaAE9,21/09/2024,18:30,BRAZIL - SERIE A,Fluminense,Botafogo RJ,3.0,3.25,2.45,2.3,1.6,2.0,1.75
fmTSiS6q,21/09/2024,21:00,BRAZIL - SERIE A,Fortaleza,Bahia,2.25,3.5,3.1,2.1,1.7,1.95,1.8
xnsC8ofM,21/09/2024,17:00,BRAZIL - SERIE B,Goias,Mirassol,1.95,3.0,4.5,2.6,1.48,2.25,1.57
jgNn2qXk,21/09/2024,18:00,BRAZIL - SERIE B,Ituano,Coritiba,3.0,2.9,2.55,2.35,1.57,1.91,1.8
rZjMXCc5,21/09/2024,11:30,BULGARIA - PARVA LIGA,CSKA Sofia,Beroe,1.25,6.25,10.0,1.85,2.0,2.63,1.44
Ch72HiDO,21/09/2024,14:00,BULGARIA - PARVA LIGA,Ludogorets,Lok. Sofia,1.14,9.0,17.0,1.4,2.88,2.38,1.53
ld59i2hQ,21/09/2024,16:00,CANADA - CANADIAN PREMIER LEAGUE,Valour,HFX Wanderers,3.0,3.3,2.32,1.95,1.82,1.75,1.98
j5iymM0s,21/09/2024,19:00,CANADA - CANADIAN PREMIER LEAGUE,Vancouver FC,Forge,3.55,3.65,1.95,1.62,2.25,1.55,2.3
63p2QthF,21/09/2024,07:00,CHINA - SUPER LEAGUE,Changchun Yatai,Shanghai Port,7.5,6.5,1.29,1.25,4.0,1.53,2.38
vHrAOKMR,21/09/2024,08:35,CHINA - SUPER LEAGUE,Henan Songshan Longmen,Chengdu Rongcheng,4.33,3.9,1.73,1.75,2.05,1.75,2.0
pfq6P07L,21/09/2024,08:35,CHINA - SUPER LEAGUE,Shandong Taishan,Wuhan Three Towns,2.1,3.6,3.25,1.7,2.1,1.62,2.2
GxzxKvVr,21/09/2024,09:00,CHINA - SUPER LEAGUE,Shanghai Shenhua,Tianjin Jinmen Tiger,1.33,5.75,7.0,1.44,2.7,1.75,2.0
Wj3vy2ue,21/09/2024,17:15,COLOMBIA - PRIMERA A,Envigado,Once Caldas,3.8,3.3,2.0,2.6,1.48,2.25,1.57
U3vcOOek,21/09/2024,19:45,COLOMBIA - PRIMERA A,Dep. Cali,La Equidad,2.15,2.9,3.8,2.6,1.48,2.2,1.62
rRUjp6I8,21/09/2024,22:00,COLOMBIA - PRIMERA A,Fortaleza,Santa Fe,2.9,2.88,2.63,2.7,1.44,2.2,1.62
EHivfwU8,21/09/2024,21:00,COSTA RICA - PRIMERA DIVISION,Liberia,Saprissa,3.0,3.5,2.05,1.62,2.25,1.53,2.38
0xAiWZy2,21/09/2024,23:00,COSTA RICA - PRIMERA DIVISION,Herediano,Santa Ana,1.36,4.75,6.5,1.6,2.3,1.83,1.83
viB8ul7k,21/09/2024,12:30,CROATIA - HNL,Slaven Belupo,D. Zagreb,8.5,5.25,1.27,1.62,2.25,2.1,1.67
K6UyoAqS,21/09/2024,15:00,CROATIA - HNL,Hajduk Split,Gorica,1.3,5.0,8.0,1.67,2.15,2.0,1.73
G0Csh9i4,21/09/2024,13:00,CYPRUS - CYTA CHAMPIONSHIP,Anorthosis,Omonia,4.35,3.7,1.75,1.87,1.91,1.78,1.93
pt4blRjT,21/09/2024,13:00,CYPRUS - CYTA CHAMPIONSHIP,Aris,Apollon,1.98,3.55,3.55,1.78,2.0,1.65,2.1
lQjsiwCE,21/09/2024,13:00,CYPRUS - DIVISION 2,Achyronas-Onisilos,Anagennisi Derynia,1.65,3.4,4.85,1.85,1.8,2.0,1.77
tb8FYUem,21/09/2024,13:00,CYPRUS - DIVISION 2,Ayia Napa,Ypsonas,3.66,3.1,2.02,2.16,1.62,1.97,1.79
Aw0WUneC,21/09/2024,13:00,CYPRUS - DIVISION 2,Chloraka,ASIL Lysi,1.6,3.55,4.85,1.85,1.8,2.05,1.73
MHTlmUAt,21/09/2024,13:00,CYPRUS - DIVISION 2,Doxa,Ol. Nicosia,2.2,3.2,2.9,2.05,1.6,1.97,1.79
EB6NW8Qa,21/09/2024,13:00,CYPRUS - DIVISION 2,Othellos Athienou,Peyia 2014 FC,1.8,3.3,4.0,1.78,1.87,1.68,2.13
MJbeTZJ7,21/09/2024,13:00,CYPRUS - DIVISION 2,PAEEK,Kitiou,1.8,3.4,3.85,1.82,1.82,1.68,2.13
4rbZZIWN,21/09/2024,08:30,CZECH REPUBLIC - CHANCE LIGA,Hradec Kralove,Slovacko,2.35,3.1,3.0,2.3,1.6,1.95,1.8
I3Tlx9Di,21/09/2024,11:00,CZECH REPUBLIC - CHANCE LIGA,Karvina,Jablonec,2.6,3.0,2.63,1.88,1.98,1.67,2.1
z36Iw1Xb,21/09/2024,11:00,CZECH REPUBLIC - CHANCE LIGA,Teplice,Ostrava,3.2,3.4,2.05,1.8,2.0,1.67,2.1
vyD9uN2n,21/09/2024,14:00,CZECH REPUBLIC - CHANCE LIGA,Slavia Prague,Plzen,1.48,4.1,5.75,1.85,2.0,1.95,1.8
lUzpPH2F,21/09/2024,05:15,CZECH REPUBLIC - CHNL,Chrudim,Taborsko,2.2,3.25,2.8,1.85,1.95,1.67,2.1
2DxxRwY2,21/09/2024,05:30,CZECH REPUBLIC - CHNL,Sparta Prague B,Vyskov,2.15,3.2,3.0,1.75,2.05,1.62,2.2
ILbXSHmp,21/09/2024,12:00,CZECH REPUBLIC - CHNL,Brno,Lisen,1.62,3.7,4.5,2.05,1.75,2.0,1.73
2ctY32Pi,21/09/2024,08:00,DENMARK - 1ST DIVISION,B.93,Horsens,3.8,3.8,1.83,1.62,2.25,1.57,2.25
0SnUYthR,21/09/2024,08:00,DENMARK - ELITEDIVISIONEN WOMEN,Aarhus W,Brondby W,4.1,3.8,1.65,1.53,2.2,1.57,2.25
YFBZCaV7,21/09/2024,10:00,DENMARK - ELITEDIVISIONEN WOMEN,Odense Q W,B93 W,1.14,5.9,15.0,1.53,2.18,2.6,1.44
AyFqKsZa,21/09/2024,16:00,ECUADOR - LIGA PRO,Cumbaya,Aucas,4.2,3.5,1.85,2.15,1.67,2.0,1.73
4z8hIL3C,21/09/2024,18:30,ECUADOR - LIGA PRO,LDU Quito,EL Nacional,1.48,4.33,6.0,1.88,1.93,2.0,1.73
WpGuLNJg,21/09/2024,21:00,ECUADOR - LIGA PRO,Dep. Cuenca,Barcelona SC,2.7,3.3,2.45,2.03,1.78,1.8,1.91
GvmpR24b,21/09/2024,18:30,EL SALVADOR - PRIMERA DIVISION,Aguila,11 Deportivo,1.53,3.65,6.2,2.05,1.6,2.12,1.57
O4jhPtZA,21/09/2024,22:00,EL SALVADOR - PRIMERA DIVISION,Metapan,Dragon,1.5,3.85,6.0,2.0,1.65,2.15,1.55
KCgyTOZo,21/09/2024,22:30,EL SALVADOR - PRIMERA DIVISION,FAS,Luis Angel Firpo,2.55,3.15,2.62,1.62,2.05,1.47,2.32
b7OeQjS9,21/09/2024,08:30,ENGLAND - CHAMPIONSHIP,Norwich,Watford,2.15,3.5,3.2,1.93,1.93,1.73,2.0
QH8zJ8Kq,21/09/2024,08:30,ENGLAND - CHAMPIONSHIP,QPR,Millwall,2.3,3.4,3.1,2.2,1.67,1.83,1.83
pvFVxUBF,21/09/2024,08:30,ENGLAND - CHAMPIONSHIP,Sunderland,Middlesbrough,2.4,3.4,2.8,1.9,1.95,1.67,2.1
W2BTMHLH,21/09/2024,11:00,ENGLAND - CHAMPIONSHIP,Bristol City,Oxford Utd,1.75,3.6,4.75,1.98,1.88,1.83,1.83
Q3T1495j,21/09/2024,11:00,ENGLAND - CHAMPIONSHIP,Burnley,Portsmouth,1.48,4.2,7.0,1.73,2.1,1.83,1.83
Cfx7zV1d,21/09/2024,11:00,ENGLAND - CHAMPIONSHIP,Cardiff,Leeds,5.25,4.0,1.62,1.93,1.93,1.83,1.83
S2KgbYg3,21/09/2024,11:00,ENGLAND - CHAMPIONSHIP,Coventry,Swansea,1.7,3.6,5.0,1.73,2.1,1.67,2.1
xhzmSCcc,21/09/2024,11:00,ENGLAND - CHAMPIONSHIP,Luton,Sheffield Wed,1.9,3.5,4.0,1.85,2.0,1.73,2.0
bV6rHnkd,21/09/2024,11:00,ENGLAND - CHAMPIONSHIP,Sheffield Utd,Derby,1.57,4.1,5.5,1.8,2.0,1.8,1.91
6g3vy8tS,21/09/2024,11:00,ENGLAND - CHAMPIONSHIP,West Brom,Plymouth,1.38,4.5,8.0,1.57,2.38,1.8,1.91
8UwudazA,21/09/2024,08:30,ENGLAND - LEAGUE ONE,Exeter,Stevenage,2.5,3.25,2.75,2.15,1.67,1.91,1.91
0SIJlHSq,21/09/2024,08:30,ENGLAND - LEAGUE ONE,Lincoln,Wigan,1.91,3.4,4.0,2.15,1.67,1.95,1.8
URGDhQTH,21/09/2024,11:00,ENGLAND - LEAGUE ONE,Bolton,Reading,1.75,3.5,4.75,1.75,2.05,1.7,2.05
0EwozIDj,21/09/2024,11:00,ENGLAND - LEAGUE ONE,Burton,Barnsley,3.9,3.5,1.91,1.67,2.15,1.62,2.2
GMLXcL5c,21/09/2024,11:00,ENGLAND - LEAGUE ONE,Charlton,Blackpool,2.3,3.3,3.0,1.98,1.88,1.75,2.0
UqSmfw5M,21/09/2024,11:00,ENGLAND - LEAGUE ONE,Huddersfield,Northampton,1.38,4.5,8.0,1.75,2.05,2.05,1.7
dfCSnecd,21/09/2024,11:00,ENGLAND - LEAGUE ONE,Mansfield,Shrewsbury,1.7,3.6,5.0,1.7,2.1,1.67,2.1
llaEAbk3,21/09/2024,11:00,ENGLAND - LEAGUE ONE,Peterborough,Bristol Rovers,1.62,3.7,5.5,1.57,2.35,1.62,2.2
8jFF8xKF,21/09/2024,11:00,ENGLAND - LEAGUE ONE,Rotherham,Birmingham,3.5,3.7,1.95,1.85,2.0,1.75,2.0
GGIN6GlS,21/09/2024,11:00,ENGLAND - LEAGUE ONE,Stockport County,Leyton Orient,1.57,3.8,6.0,1.88,1.98,1.91,1.91
OUVyYjbl,21/09/2024,11:00,ENGLAND - LEAGUE ONE,Wrexham,Crawley,1.45,4.33,6.5,1.67,2.15,1.8,1.95
0lff1fCk,21/09/2024,11:00,ENGLAND - LEAGUE ONE,Wycombe,Cambridge Utd,1.7,3.6,5.0,1.93,1.93,1.91,1.91
806lzPvH,21/09/2024,08:30,ENGLAND - LEAGUE TWO,Accrington,Port Vale,3.4,3.5,2.05,1.9,1.95,1.73,2.0
zFMUFfg2,21/09/2024,08:30,ENGLAND - LEAGUE TWO,Chesterfield,Cheltenham,1.5,4.1,6.5,1.65,2.2,1.8,1.91
vT8yh9NG,21/09/2024,11:00,ENGLAND - LEAGUE TWO,Barrow,Newport,1.48,4.1,7.0,1.73,2.08,1.83,1.83
vmTLHGOk,21/09/2024,11:00,ENGLAND - LEAGUE TWO,Bradford City,AFC Wimbledon,2.38,3.3,2.9,2.05,1.8,1.8,1.91
0hEGwbo9,21/09/2024,11:00,ENGLAND - LEAGUE TWO,Colchester,Tranmere,2.1,3.3,3.5,2.05,1.8,1.8,1.91
M72PyxGL,21/09/2024,11:00,ENGLAND - LEAGUE TWO,Crewe,Harrogate,1.8,3.4,4.5,2.05,1.8,1.83,1.83
lIn4Ug8e,21/09/2024,11:00,ENGLAND - LEAGUE TWO,Grimsby,Bromley,2.1,3.3,3.4,1.8,2.0,1.62,2.2
MVpCSXx8,21/09/2024,11:00,ENGLAND - LEAGUE TWO,MK Dons,Doncaster,2.35,3.4,2.88,1.75,2.05,1.57,2.25
2sxkzpdE,21/09/2024,11:00,ENGLAND - LEAGUE TWO,Notts Co,Gillingham,1.91,3.75,3.6,1.7,2.1,1.62,2.2
A7ucYNQQ,21/09/2024,11:00,ENGLAND - LEAGUE TWO,Salford,Walsall,2.75,3.3,2.5,1.98,1.88,1.67,2.1
fuHTS1ll,21/09/2024,11:00,ENGLAND - LEAGUE TWO,Swindon,Carlisle,1.95,3.5,3.6,1.83,2.03,1.67,2.1
v9GphUy3,21/09/2024,08:00,ENGLAND - WOMEN’S SUPER LEAGUE,Manchester Utd W,West Ham W,1.27,4.85,8.5,1.57,2.1,2.05,1.75
nH8IleVA,21/09/2024,08:30,ENGLAND - WOMEN’S SUPER LEAGUE,Brighton W,Everton W,1.85,3.45,3.6,1.62,2.02,1.6,2.3
SKwdx3vK,21/09/2024,06:30,ESTONIA - MEISTRILIIGA,Paide,Kuressaare,1.3,4.9,7.1,1.53,2.18,1.81,1.95
GpzhwqPD,21/09/2024,08:30,ESTONIA - MEISTRILIIGA,Nomme Utd,Narva,4.0,3.65,1.7,1.65,1.98,1.67,2.15
2snAEanD,21/09/2024,11:00,ESTONIA - MEISTRILIIGA,Flora,Tammeka,1.55,3.9,4.85,1.6,2.07,1.68,2.13
4zrCaDOr,21/09/2024,10:00,ETHIOPIA - PREMIER LEAGUE,Wolkite Ketema,Mechal,3.55,2.95,2.05,2.25,1.5,2.01,1.76
Yiit5Z0L,21/09/2024,13:00,ETHIOPIA - PREMIER LEAGUE,Welwalo Adigrat,Bahir Dar Kenema,3.2,2.8,2.27,2.32,1.47,2.04,1.74
63dBxoTp,21/09/2024,13:00,FAROE ISLANDS - PREMIER LEAGUE,Toftir,Klaksvik,8.0,5.0,1.28,1.4,2.48,1.82,1.94
fRTsfDbI,21/09/2024,13:00,FAROE ISLANDS - PREMIER LEAGUE,Vikingur,Streymur,1.04,11.5,30.0,1.23,3.28,2.42,1.53
88zf1U5o,21/09/2024,14:30,FAROE ISLANDS - PREMIER LEAGUE,07 Vestur Sorvagur,B36 Torshavn,3.05,4.0,1.88,1.33,2.73,1.38,2.94
Yq1tFfI8,21/09/2024,12:00,FINLAND - SUOMEN CUP,Inter Turku,KuPS,3.4,3.15,2.18,1.98,1.8,1.72,2.02
WQczyE7L,21/09/2024,09:30,FRANCE - LIGUE 2,Metz,Lorient,2.45,3.25,2.63,1.98,1.88,1.8,1.91
GGbeDYNj,21/09/2024,12:00,FRANCE - DIVISION 1 WOMEN,Reims W,St Etienne W,2.37,3.55,2.47,1.5,2.45,1.4,2.75
G6esyxGc,21/09/2024,12:00,FRANCE - DIVISION 1 WOMEN,Strasbourg W,Dijon W,3.05,3.4,2.05,1.53,2.2,1.5,2.43
OIJGKGVG,21/09/2024,16:00,FRANCE - DIVISION 1 WOMEN,Montpellier W,PSG W,5.6,4.75,1.39,1.3,3.2,1.45,2.55
4nIo8nD6,21/09/2024,08:00,GERMANY - 2. BUNDESLIGA,Braunschweig,Greuther Furth,2.88,3.6,2.3,1.6,2.3,1.53,2.38
pEJP2iyR,21/09/2024,08:00,GERMANY - 2. BUNDESLIGA,Dusseldorf,FC Koln,3.1,3.6,2.15,1.62,2.25,1.53,2.38
QXvaHjjK,21/09/2024,08:00,GERMANY - 2. BUNDESLIGA,Nurnberg,Hertha Berlin,3.2,3.7,2.1,1.53,2.4,1.5,2.5
z7QUBUDs,21/09/2024,15:30,GERMANY - 2. BUNDESLIGA,Kaiserslautern,Hamburger SV,3.1,3.75,2.15,1.5,2.5,1.44,2.63
YaZgJv8j,21/09/2024,09:00,GERMANY - 3. LIGA,Cottbus,Stuttgart II,1.95,3.5,3.4,1.65,2.2,1.62,2.2
xUmOO0pT,21/09/2024,09:00,GERMANY - 3. LIGA,Ingolstadt,RW Essen,1.85,3.6,3.6,1.53,2.4,1.5,2.5
t2fFQMFG,21/09/2024,09:00,GERMANY - 3. LIGA,Mannheim,VfL Osnabruck,2.15,3.5,3.0,1.62,2.25,1.53,2.38
txBOiaEF,21/09/2024,09:00,GERMANY - 3. LIGA,SG Dynamo Dresden,Hansa Rostock,1.65,3.8,4.5,1.75,2.05,1.8,1.91
CrvZtr0c,21/09/2024,09:00,GERMANY - 3. LIGA,Wehen,Sandhausen,1.83,3.7,3.7,1.7,2.1,1.62,2.2
C6MLXwNq,21/09/2024,11:30,GERMANY - 3. LIGA,Arminia Bielefeld,Munich 1860,1.83,3.4,4.0,1.85,2.0,1.73,2.0
t6Qm1E1B,21/09/2024,11:00,GREECE - SUPER LEAGUE,Volos,PAOK,8.0,5.25,1.33,1.6,2.3,1.95,1.8
Ew7v5d2n,21/09/2024,14:00,GREECE - SUPER LEAGUE,Aris,Olympiacos Piraeus,5.5,3.8,1.62,1.85,2.0,1.8,1.95
AwQDldZ2,21/09/2024,14:30,GREECE - SUPER LEAGUE,Panetolikos,Asteras Tripolis,2.3,3.1,3.3,2.2,1.65,1.91,1.91
nc8s66nh,21/09/2024,09:00,GREECE - SUPER LEAGUE 2,AEL Larissa,Kavala,1.41,4.1,8.05,1.9,1.8,2.6,1.47
Gx0b2OoH,21/09/2024,11:00,GREECE - SUPER LEAGUE 2,Ethnikos Neou,Giannina,6.66,4.0,1.45,1.8,1.9,1.94,1.82
rP1j4pH4,21/09/2024,11:00,GREECE - SUPER LEAGUE 2,Kampaniakos,Niki Volos,3.49,3.1,2.02,2.13,1.64,1.92,1.84
ImJC0qCt,21/09/2024,18:00,GUATEMALA - LIGA NACIONAL,Deportivo Mixco,Guastatoya,1.78,3.0,5.2,2.32,1.47,2.07,1.6
jFWJbNtg,21/09/2024,22:00,GUATEMALA - LIGA NACIONAL,Xelaju,Antigua,1.7,3.45,4.65,2.0,1.65,1.93,1.7
MyADD6Vs,21/09/2024,22:00,HONDURAS - LIGA NACIONAL,Juticalpa,Genesis,2.18,3.15,3.0,2.15,1.55,1.92,1.84
EVEV3Eop,21/09/2024,05:00,HONG KONG - PREMIER LEAGUE,Southern District,Tai Po,3.3,3.3,2.07,1.75,1.95,1.6,2.07
MeIw2hGd,21/09/2024,07:30,HONG KONG - PREMIER LEAGUE,Kitchee,Hong Kong Rangers,1.37,4.9,6.4,1.36,2.65,1.55,2.15
0YBKLd2t,21/09/2024,09:30,HUNGARY - OTP BANK LIGA,Zalaegerszegi,Kecskemeti TE,2.2,3.25,3.25,1.88,1.98,1.67,2.1
d05TJzXh,21/09/2024,12:00,HUNGARY - OTP BANK LIGA,Ujpest,DVTK,1.9,3.7,3.8,1.7,2.1,1.62,2.2
A509EueD,21/09/2024,14:30,HUNGARY - OTP BANK LIGA,Nyiregyhaza,Debrecen,2.9,3.4,2.35,1.83,2.03,1.67,2.1
YNawT9bf,21/09/2024,13:00,ICELAND - ICELANDIC CUP,KA Akureyri,Vikingur Reykjavik,4.4,4.05,1.65,1.5,2.42,1.53,2.35
6H1bMky0,21/09/2024,08:30,INDIA - ISL,Jamshedpur,Mumbai City,3.75,3.6,1.83,1.73,2.08,1.67,2.1
hYa6KT5C,21/09/2024,11:00,INDIA - ISL,Mohammedan,Goa,3.25,3.25,2.0,1.9,1.9,1.73,2.0
hxCsZSlU,21/09/2024,05:30,INDONESIA - LIGA 1,Dewa United,Madura United,1.75,3.3,4.55,1.93,1.78,1.78,1.82
Sr6jgWZo,21/09/2024,09:00,INDONESIA - LIGA 1,Malut United,Bali United,2.62,3.1,2.57,1.95,1.75,1.7,1.93
ri8dKOAC,21/09/2024,15:45,IRELAND - PREMIER DIVISION,Sligo Rovers,Dundalk,1.75,3.6,4.1,2.03,1.83,1.91,1.91
YNuJPAT8,21/09/2024,12:00,IRELAND - NATIONAL LEAGUE WOMEN,Shamrock Rovers W,DLR Waves W,1.64,4.0,3.91,1.66,2.05,2.55,1.45
G6NBJ5lg,21/09/2024,13:30,ISRAEL - LIGAT HA'AL,Hapoel Jerusalem,Maccabi Bnei Raina,2.38,3.0,3.0,2.4,1.53,2.0,1.73
zHwoY43n,21/09/2024,13:30,ISRAEL - LIGAT HA'AL,Ironi Tiberias,Sakhnin,2.8,3.1,2.4,2.05,1.75,1.8,1.91
xMBKHqJ5,21/09/2024,14:00,ISRAEL - LIGAT HA'AL,Maccabi Petah Tikva,Hapoel Haifa,3.2,3.3,2.1,1.95,1.9,1.73,2.0
WrXgWrYb,21/09/2024,14:00,ISRAEL - LIGAT HA'AL,Netanya,Kiryat Shmona,2.1,3.5,3.1,1.88,1.98,1.73,2.0
OxASFNmI,21/09/2024,14:30,ISRAEL - LIGAT HA'AL,H. Beer Sheva,Hapoel Hadera,1.62,3.7,5.25,2.05,1.75,2.0,1.73
CAdh390K,21/09/2024,10:00,ITALY - SERIE B,Cosenza,Sassuolo,2.7,3.2,2.63,2.0,1.85,1.75,2.0
YmTmhqhJ,21/09/2024,10:00,ITALY - SERIE B,Palermo,Cesena,2.15,3.2,3.5,2.1,1.7,1.91,1.91
dGBia0an,21/09/2024,10:00,ITALY - SERIE B,Pisa,Brescia,1.91,3.4,4.2,2.15,1.67,1.95,1.8
4tFacvUb,21/09/2024,10:00,ITALY - SERIE B,Reggiana,Salernitana,2.35,3.1,3.2,2.2,1.65,1.91,1.91
Qe38eIbB,21/09/2024,10:00,ITALY - SERIE B,Sampdoria,Sudtirol,1.95,3.25,4.0,2.35,1.57,2.05,1.7
0zVuf5N6,21/09/2024,13:00,ITALY - SERIE B,Modena,Juve Stabia,2.0,3.0,4.1,2.5,1.5,2.1,1.67
lQpXUMfn,21/09/2024,13:30,ITALY - SERIE C,Alcione Milano,L.R. Vicenza,6.1,3.3,1.62,2.32,1.55,2.25,1.57
8S0YS0Pb,21/09/2024,13:30,ITALY - SERIE C,Arzignano,Union Clodiense,2.27,3.05,3.2,2.5,1.47,2.1,1.65
x8hkPION,21/09/2024,13:30,ITALY - SERIE C,Lecco,Triestina,1.93,3.3,3.9,2.32,1.53,2.12,1.65
8tt7s0vh,21/09/2024,13:30,ITALY - SERIE C,Pergolettese,FeralpiSalo,3.15,3.1,2.27,2.22,1.62,1.91,1.8
QDplOGaD,21/09/2024,11:15,ITALY - SERIE C,Legnago Salus,Sestri Levante,2.12,3.0,3.65,2.3,1.57,1.95,1.75
rkHEvxpf,21/09/2024,15:45,ITALY - SERIE C,Pontedera,Arezzo,2.47,3.0,2.92,2.15,1.65,1.8,1.9
SxiIbcyQ,21/09/2024,15:45,ITALY - SERIE C,Torres,Pineto,1.55,3.55,6.5,2.32,1.57,2.35,1.53
GM5E5UaU,21/09/2024,13:30,ITALY - SERIE C,Sorrento,Turris,1.83,3.2,4.5,2.35,1.53,2.12,1.65
fgxXhiGO,21/09/2024,15:45,ITALY - SERIE C,Avellino,Latina,1.5,3.95,6.4,2.0,1.75,2.15,1.62
CU8c9C05,21/09/2024,15:45,ITALY - SERIE C,Cavese,Monopoli,2.18,3.05,3.4,2.07,1.7,1.8,1.91
KzWOPXpn,21/09/2024,15:45,ITALY - SERIE C,Taranto,Altamura,2.32,3.05,3.1,2.15,1.65,1.82,1.88
zJAX4Dml,21/09/2024,06:00,ITALY - PRIMAVERA 1,Lecce U20,Juventus U20,2.37,3.35,2.57,1.6,2.07,1.49,2.54
rqEu3iI0,21/09/2024,08:00,ITALY - PRIMAVERA 1,Monza U20,Lazio U20,3.4,3.55,1.87,1.65,1.98,1.59,2.29
4b2l1VnD,21/09/2024,10:00,ITALY - PRIMAVERA 1,AS Roma U20,Sassuolo U20,1.78,3.7,3.55,1.52,2.22,1.49,2.54
EF4LxT1T,21/09/2024,15:00,IVORY COAST - LIGUE 1,Zoman,Lys Sassandra,2.22,2.8,3.3,2.32,1.47,2.1,1.65
0nmbY909,21/09/2024,06:00,JAPAN - J1 LEAGUE,Kashima Antlers,Kashiwa Reysol,2.05,3.6,3.4,1.93,1.93,1.75,2.0
0AVpP5Ne,21/09/2024,07:00,JAPAN - J1 LEAGUE,Iwata,Avispa Fukuoka,2.88,3.0,2.63,2.4,1.53,2.0,1.75
n3kAV7pS,21/09/2024,07:00,JAPAN - J1 LEAGUE,Machida,Hokkaido Consadole Sapporo,1.55,4.33,5.5,1.73,2.08,1.8,1.95
vwn2XTFF,21/09/2024,07:00,JAPAN - J1 LEAGUE,Urawa Reds,FC Tokyo,1.9,3.5,4.1,1.95,1.9,1.75,2.0
AX0x7j6d,21/09/2024,06:00,JAPAN - J2 LEAGUE,Ehime,Montedio Yamagata,4.0,4.0,1.75,1.65,2.2,1.62,2.2
Ol4JVZrc,21/09/2024,06:00,JAPAN - J2 LEAGUE,Kumamoto,Blaublitz,2.38,3.1,3.1,2.25,1.62,1.91,1.8
CdL1DhTS,21/09/2024,06:00,JAPAN - J2 LEAGUE,Vegalta Sendai,Kofu,2.5,3.25,2.75,2.03,1.83,1.73,2.0
Wt2Y7Wjj,21/09/2024,06:00,JAPAN - J2 LEAGUE,Yokohama FC,Oita Trinita,1.42,4.5,6.5,1.83,2.03,2.0,1.73
lICT8Cyp,21/09/2024,07:00,JAPAN - J2 LEAGUE,Chiba,Renofa Yamaguchi,1.95,3.5,3.8,1.98,1.88,1.8,1.91
rgXDnElB,21/09/2024,00:00,JAPAN - WE LEAGUE WOMEN,Albirex Niigata W,C-Osaka W,1.83,3.1,4.15,2.27,1.5,2.2,1.6
2emFphJN,21/09/2024,02:00,JAPAN - WE LEAGUE WOMEN,Saitama W,Beleza W,6.3,4.25,1.4,1.6,2.05,1.85,1.85
AuZ5lzKb,21/09/2024,02:30,JAPAN - WE LEAGUE WOMEN,JEF United W,Parceiro Nagano W,2.15,3.2,3.0,2.07,1.6,1.85,1.85
YwvouWto,21/09/2024,06:00,JAPAN - WE LEAGUE WOMEN,Sanfrecce Hiroshima W,Mynavi Sendai W,1.65,3.35,4.8,1.82,1.82,1.85,1.85
4IWaR8sr,21/09/2024,13:00,JORDAN - PREMIER LEAGUE,Al Wehdat,Al-Faisaly Amman,2.55,3.25,2.57,1.8,1.91,1.6,2.07
8hY42L0S,21/09/2024,09:00,KAZAKHSTAN - PREMIER LEAGUE,Atyrau,Zhenis,1.75,3.3,4.7,2.05,1.62,1.93,1.7
U1Z031oM,21/09/2024,11:00,KAZAKHSTAN - PREMIER LEAGUE,Kairat Almaty,Kaisar Kyzylorda,1.7,3.4,4.9,1.93,1.78,1.82,1.78
K2Gq2njT,21/09/2024,07:00,KENYA - PREMIER LEAGUE,Posta Rangers,KCB,2.65,2.8,2.65,2.32,1.47,2.02,1.75
Wtp2KT5c,21/09/2024,09:00,KENYA - PREMIER LEAGUE,Mara Sugar,Nairobi City,2.7,2.8,2.62,2.25,1.5,1.95,1.81
GY1FdQDj,21/09/2024,09:00,KENYA - PREMIER LEAGUE,Mathare Utd.,Sofapaka,2.65,2.87,2.6,2.25,1.5,1.95,1.81
0MyJGo5M,21/09/2024,10:00,KENYA - PREMIER LEAGUE,Bidco United,Leopards,2.52,2.87,2.75,2.25,1.5,1.97,1.79
C6pXKHVR,21/09/2024,08:00,LATVIA - VIRSLIGA,Tukums 2000,BFC Daugavpils,2.6,3.1,2.5,1.8,1.83,1.65,2.18
KE28jruB,21/09/2024,09:00,LITHUANIA - A LYGA,Transinvest,Siauliai FA,2.05,3.4,3.05,1.85,1.78,1.71,2.08
WQBBdj5C,21/09/2024,12:00,LUXEMBOURG - BGL LIGUE,Fola,Hostert,2.3,3.6,2.52,1.53,2.2,1.48,2.57
viFJfUZO,21/09/2024,12:00,LUXEMBOURG - BGL LIGUE,UNA Strassen,Dudelange,2.9,3.35,2.15,1.62,2.02,1.56,2.36
GlpUEXKt,21/09/2024,13:00,LUXEMBOURG - BGL LIGUE,Racing Luxembourg,Mondorf,2.15,3.35,2.85,1.53,2.2,1.49,2.54
WQVS3S6n,21/09/2024,09:30,MALAWI - SUPER LEAGUE,Mighty Wanderers,Baka City,1.13,5.9,17.0,1.65,1.98,2.88,1.39
jsqlItdB,21/09/2024,06:30,MALAYSIA - SUPER LEAGUE,PDRM FC,Sabah,3.0,3.35,2.1,1.75,1.9,1.63,2.22
AqakGKQN,21/09/2024,09:15,MALAYSIA - SUPER LEAGUE,Perak,Kuala Lumpur City,3.35,3.5,1.9,1.65,1.98,1.61,2.25
xQorB3b5,21/09/2024,13:00,MALTA - PREMIER LEAGUE,Gzira,Sliema,3.95,3.05,1.98,2.25,1.5,1.98,1.65
tbhZCPTh,21/09/2024,15:30,MALTA - PREMIER LEAGUE,Balzan,Hamrun,5.2,4.1,1.53,1.7,1.93,1.78,1.82
YZJ1r7Sa,21/09/2024,20:00,MEXICO - LIGA MX,Club Leon,Atl. San Luis,2.05,3.5,3.6,1.7,2.1,1.62,2.2
2FBIvPRO,21/09/2024,22:00,MEXICO - LIGA MX,Monterrey,Mazatlan FC,1.53,4.1,6.5,1.7,2.1,1.8,1.95
U1DAtocC,21/09/2024,22:00,MEXICO - LIGA MX,Necaxa,Club America,3.6,3.5,2.05,1.88,1.98,1.7,2.05
AZy3uyWa,21/09/2024,00:00,MEXICO - LIGA DE EXPANSION MX,Tepatitlan de Morelos,Correcaminos,1.72,3.7,4.25,1.7,1.91,1.7,1.93
ERYJygVO,21/09/2024,22:00,MEXICO - LIGA DE EXPANSION MX,Tlaxcala,Tapatio,2.57,3.15,2.6,1.93,1.78,1.65,1.98
SWoME8gs,21/09/2024,14:00,MOROCCO - BOTOLA PRO,Hassania Agadir,Renaissance Zemamra,2.4,3.0,2.75,2.4,1.53,2.0,1.73
zyYzXiN8,21/09/2024,11:30,NETHERLANDS - EERSTE DIVISIE,Roda,Maastricht,1.7,3.8,4.5,1.5,2.5,1.5,2.5
r1yqVViL,21/09/2024,13:45,NETHERLANDS - EERSTE DIVISIE,Vitesse,Jong Ajax,1.9,3.8,3.6,1.44,2.7,1.44,2.63
nyFeD2aN,21/09/2024,11:00,NORTHERN IRELAND - NIFL PREMIERSHIP,Ballymena,Cliftonville,3.7,3.7,1.85,1.78,1.98,1.72,2.02
6LeS7tNp,21/09/2024,11:00,NORTHERN IRELAND - NIFL PREMIERSHIP,Coleraine,Loughgall,1.55,4.3,5.0,1.55,2.3,1.65,2.1
YRmEVqFi,21/09/2024,11:00,NORTHERN IRELAND - NIFL PREMIERSHIP,Crusaders,Portadown,1.38,4.65,7.1,1.65,2.15,1.93,1.78
fsxNTNq4,21/09/2024,11:00,NORTHERN IRELAND - NIFL PREMIERSHIP,Glenavon,Dungannon,2.67,3.55,2.35,1.7,2.07,1.57,2.25
M9729gbk,21/09/2024,11:00,NORTHERN IRELAND - NIFL PREMIERSHIP,Linfield,Carrick Rangers,1.24,5.7,10.5,1.44,2.6,1.9,1.8
d642idvB,21/09/2024,11:00,NORTHERN IRELAND - NIFL CHAMPIONSHIP,Armagh,Bangor FC,3.55,4.05,1.78,1.37,2.62,1.39,2.57
4W7Akz9N,21/09/2024,11:00,NORTHERN IRELAND - NIFL CHAMPIONSHIP,Dundela,Annagh,2.07,3.95,2.82,1.44,2.42,1.42,2.45
l4qspEWp,21/09/2024,11:00,NORTHERN IRELAND - NIFL CHAMPIONSHIP,Institute,Newington,1.87,3.95,3.3,1.5,2.27,1.5,2.27
UPVLGxM0,21/09/2024,11:00,NORWAY - ELITESERIEN,Stromsgodset,Sarpsborg 08,2.0,3.75,3.4,1.44,2.7,1.44,2.63
l8Fuy77F,21/09/2024,13:00,NORWAY - ELITESERIEN,HamKam,Lillestrom,2.63,3.3,2.63,1.85,2.0,1.62,2.2
M5aHUgMF,21/09/2024,10:00,NORWAY - OBOS-LIGAEN,Kongsvinger,Aalesund,1.8,3.9,3.3,1.57,2.35,1.53,2.38
K0s4Lkq2,21/09/2024,11:00,NORWAY - OBOS-LIGAEN,Asane,Mjondalen,2.1,3.6,2.9,1.67,2.15,1.57,2.25
rF0DVZ69,21/09/2024,11:00,NORWAY - OBOS-LIGAEN,Bryne,Valerenga,3.6,3.75,1.85,1.73,2.08,1.67,2.1
ju4LTDyM,21/09/2024,11:00,NORWAY - OBOS-LIGAEN,Levanger,Raufoss,1.9,3.7,3.25,1.75,2.05,1.67,2.1
zDuhOiaq,21/09/2024,11:00,NORWAY - OBOS-LIGAEN,Ranheim,Moss,2.05,3.5,2.9,1.7,2.1,1.62,2.2
nmqdNBEk,21/09/2024,11:00,NORWAY - OBOS-LIGAEN,Sandnes,Sogndal,3.4,3.6,1.85,1.62,2.25,1.57,2.25
tAr0MVTe,21/09/2024,11:00,NORWAY - OBOS-LIGAEN,Stabaek,Start,1.65,4.2,3.7,1.36,3.1,1.4,2.75
hjaKeCB9,21/09/2024,09:00,NORWAY - TOPPSERIEN WOMEN,Arna-Bjornar W,Asane W,3.4,3.4,1.93,1.75,1.88,1.65,2.1
Ygtxx64M,21/09/2024,09:00,NORWAY - TOPPSERIEN WOMEN,Kolbotn W,Rosenborg W,9.5,4.9,1.25,1.6,2.07,2.1,1.65
GIVtyQJS,21/09/2024,09:00,NORWAY - TOPPSERIEN WOMEN,Lyn W,LSK Kvinner W,2.52,3.25,2.47,1.91,1.7,1.75,1.95
f3sYxnkG,21/09/2024,11:45,NORWAY - TOPPSERIEN WOMEN,Brann W,Roa W,1.09,6.6,24.0,1.52,2.2,2.6,1.44
nNZ4u4gt,21/09/2024,11:40,OMAN - PROFESSIONAL LEAGUE,Al Nahda,Bahla,1.5,3.5,6.5,2.07,1.6,2.33,1.57
42Mfuw5T,21/09/2024,18:00,PANAMA - LPF,UMECIT,Plaza Amador,2.87,2.9,2.52,2.4,1.45,2.0,1.65
0Y7QZGSj,21/09/2024,20:00,PANAMA - LPF,Deportivo Universitario,Miguelito,2.35,3.2,2.85,2.15,1.55,1.93,1.7
8zTosazH,21/09/2024,22:15,PANAMA - LPF,Arabe Unido,Herrera,1.8,3.4,4.2,1.98,1.65,1.88,1.72
nuuSNmum,21/09/2024,18:30,PARAGUAY - PRIMERA DIVISION,Sportivo Trinidense,Nacional Asuncion,2.55,3.1,2.55,1.9,1.85,1.8,1.91
r7YzMR9a,21/09/2024,21:00,PARAGUAY - PRIMERA DIVISION,Ameliano,Cerro Porteno,5.5,3.75,1.53,2.15,1.67,2.2,1.62
t0mzsGEl,21/09/2024,20:30,PERU - LIGA 1,Deportivo Garcilaso,Cienciano,2.25,3.25,3.0,2.05,1.75,1.75,1.98
zNQ8QfU7,21/09/2024,22:30,PERU - LIGA 1,Sport Boys,Alianza Lima,7.0,3.6,1.5,2.1,1.7,2.2,1.62
O6gmjwrp,21/09/2024,07:15,POLAND - EKSTRAKLASA,Puszcza,Cracovia,2.9,3.3,2.35,1.97,1.77,1.75,2.0
OrB0asLc,21/09/2024,09:45,POLAND - EKSTRAKLASA,Jagiellonia,Lechia Gdansk,1.62,3.9,5.0,1.57,2.35,1.62,2.2
vegi8x4S,21/09/2024,12:30,POLAND - EKSTRAKLASA,Widzew Lodz,Piast Gliwice,2.7,3.25,2.55,2.08,1.73,1.8,1.95
rmYDyvTj,21/09/2024,15:15,POLAND - EKSTRAKLASA,Gornik Zabrze,GKS Katowice,2.2,3.3,3.3,1.93,1.93,1.7,2.05
hGhizfBk,21/09/2024,09:30,POLAND - DIVISION 1,Warta Poznan,Arka Gdynia,4.75,3.6,1.7,2.03,1.83,1.91,1.8
hUXPlgQr,21/09/2024,12:30,POLAND - DIVISION 1,Termalica B-B.,LKS Lodz,1.91,3.25,3.6,1.8,2.0,1.67,2.1
MX1LuGmS,21/09/2024,14:35,POLAND - DIVISION 1,Kotwica Kolobrzeg,Leczna,2.9,3.1,2.38,2.1,1.7,1.83,1.83
dEUaYdKr,21/09/2024,11:30,PORTUGAL - LIGA PORTUGAL,Rio Ave,Estoril,1.91,3.4,4.1,2.4,1.53,2.2,1.62
4dqrYmQa,21/09/2024,11:30,PORTUGAL - LIGA PORTUGAL,Santa Clara,Estrela,1.75,3.5,5.0,2.1,1.7,2.0,1.75
0OxiWRfC,21/09/2024,14:00,PORTUGAL - LIGA PORTUGAL,Vitoria Guimaraes,FC Porto,3.5,3.1,2.2,2.2,1.65,1.91,1.91
URS7Wzke,21/09/2024,16:30,PORTUGAL - LIGA PORTUGAL,Moreirense,Famalicao,2.55,3.0,3.0,2.35,1.57,1.95,1.8
CrKfYpXm,21/09/2024,07:00,PORTUGAL - TAÇA DE PORTUGAL,Anadia,CD Rabo Peixe,1.36,4.2,7.5,1.65,2.2,1.9,1.86
tSoakOkk,21/09/2024,07:00,PORTUGAL - TAÇA DE PORTUGAL,SC Vianense,Portimonense,6.0,4.33,1.4,1.67,2.15,1.83,1.83
CtHgqf1b,21/09/2024,10:00,PORTUGAL - TAÇA DE PORTUGAL,Pevidem,Maritimo,7.0,4.2,1.36,1.7,2.1,1.91,1.8
ERlohkpT,21/09/2024,11:00,PORTUGAL - TAÇA DE PORTUGAL,Montijo,Mafra,12.0,7.0,1.17,1.44,2.7,1.97,1.79
boND09Fm,21/09/2024,12:00,PORTUGAL - TAÇA DE PORTUGAL,Tirsense,Vieira,1.4,5.0,5.0,1.75,2.05,1.93,1.83
vTIooGWo,21/09/2024,12:15,PORTUGAL - TAÇA DE PORTUGAL,Camacha,Leiria,6.5,4.75,1.33,1.65,2.2,1.91,1.8
bBO2GqEn,21/09/2024,15:30,PORTUGAL - TAÇA DE PORTUGAL,Academica,Torreense,4.0,3.5,1.73,1.85,1.95,1.8,1.91
SY8bNwy8,21/09/2024,12:00,QATAR - QSL,Al-Duhail,Al-Sadd,2.32,3.95,2.5,1.35,2.95,1.34,3.0
SWDISYCm,21/09/2024,14:00,QATAR - QSL,Al Khor,Shamal,3.15,3.5,2.1,1.62,2.2,1.52,2.37
6JKkPa6e,21/09/2024,14:00,QATAR - QSL,Umm-Salal,Al-Shahaniya,1.9,3.4,3.85,1.72,2.05,1.62,2.18
jT19AerR,21/09/2024,12:30,ROMANIA - LIGA 1,FC Hermannstadt,CFR Cluj,3.75,3.3,1.91,2.15,1.67,1.91,1.8
27LElEL7,21/09/2024,15:30,ROMANIA - LIGA 1,FCSB,Petrolul,1.5,4.0,5.5,2.03,1.83,2.1,1.67
A7s2lUvg,21/09/2024,05:00,ROMANIA - LIGA 2,Concordia,Metalul Buzau,1.7,3.55,4.75,2.15,1.65,2.1,1.65
xKYIpnvI,21/09/2024,05:00,ROMANIA - LIGA 2,Hunedoara,Campulung,1.3,4.85,9.5,1.53,2.35,1.85,1.87
ppxRrQ8U,21/09/2024,05:00,ROMANIA - LIGA 2,Metaloglobus Bucharest,Viitorul Tg. Jiu,1.39,4.2,8.25,1.93,1.82,2.22,1.6
G4pAn895,21/09/2024,05:00,ROMANIA - LIGA 2,Mioveni,FC Arges,3.45,2.4,2.67,3.15,1.31,2.3,1.55
dO5q17Ob,21/09/2024,05:00,ROMANIA - LIGA 2,Selimbar,FC Voluntari,3.8,3.05,2.05,2.37,1.52,2.05,1.7
GQLpaogB,21/09/2024,05:00,ROMANIA - LIGA 2,Unirea Ungheni,Afumati,2.87,3.05,2.47,2.15,1.65,1.85,1.87
2cxxRJbB,21/09/2024,08:00,RUSSIA - PREMIER LEAGUE,Akron Togliatti,Krasnodar,5.12,3.92,1.77,2.09,1.86,1.95,1.81
KdZpTlOs,21/09/2024,10:30,RUSSIA - PREMIER LEAGUE,Zenit,Fakel Voronezh,1.2,8.1,17.0,1.5,2.32,2.52,1.5
zooLU1an,21/09/2024,13:00,RUSSIA - PREMIER LEAGUE,Rubin Kazan,CSKA Moscow,3.69,3.5,2.18,2.25,1.75,1.91,1.85
d4J4preL,21/09/2024,04:00,RUSSIA - FNL,Yenisey,SKA Khabarovsk,1.96,3.35,3.91,2.22,1.64,1.98,1.79
n7yCvDOa,21/09/2024,05:30,RUSSIA - FNL,Tyumen,Rodina Moscow,3.31,3.2,2.22,2.32,1.59,1.96,1.8
fXvKxigC,21/09/2024,09:00,RUSSIA - FNL,Saratov,Sochi,4.65,3.52,1.77,2.19,1.66,2.02,1.75
YqDrw0me,21/09/2024,09:00,RUSSIA - FNL,Shinnik Yaroslavl,Torpedo Moscow,3.11,3.0,2.44,2.72,1.44,2.17,1.66
dIbwasAE,21/09/2024,11:30,RUSSIA - FNL,Kamaz,Ural,3.94,3.1,2.05,2.72,1.44,2.25,1.61
CUOZvMIr,21/09/2024,12:00,RUSSIA - FNL,Neftekhimik,Alania Vladikavkaz,2.23,3.13,3.38,2.46,1.53,2.06,1.73
0xQen4Q8,21/09/2024,15:15,RUSSIA - FNL,Baltika,Arsenal Tula,2.0,3.18,3.99,2.54,1.5,2.17,1.66
MoD1zaKN,21/09/2024,10:00,RWANDA - PREMIER LEAGUE,Amagaju,Musanze,2.42,2.87,2.87,2.35,1.47,2.1,1.7
ngjpt3jn,21/09/2024,10:00,RWANDA - PREMIER LEAGUE,AS Kigali,Rutsiro,1.98,3.0,3.7,2.32,1.47,2.1,1.7
h6LpvsLb,21/09/2024,10:00,RWANDA - PREMIER LEAGUE,Bugesera,Etincelles,1.95,3.1,3.7,2.18,1.53,2.0,1.77
0WOhxLkB,21/09/2024,14:00,RWANDA - PREMIER LEAGUE,Gasogi United,Rayon Sport,4.2,3.15,1.8,2.25,1.5,2.2,1.64
C4RDVMo2,21/09/2024,10:00,SAN MARINO - CAMPIONATO SAMMARINESE,Murata,Domagnano,1.55,3.7,5.1,1.82,1.82,1.94,1.82
jkw5XrHk,21/09/2024,10:00,SAN MARINO - CAMPIONATO SAMMARINESE,San Marino Academy U22,Fiorentino,3.75,3.7,1.75,1.6,2.07,1.61,2.25
8KUFnXMP,21/09/2024,12:30,SAUDI ARABIA - SAUDI PROFESSIONAL LEAGUE,Al Shabab,Al Taawon,2.0,3.25,3.4,2.08,1.73,1.83,1.83
ddkXVPKl,21/09/2024,12:35,SAUDI ARABIA - SAUDI PROFESSIONAL LEAGUE,Al Raed,Al Riyadh,2.1,3.25,3.2,2.0,1.8,1.83,1.83
KblLQk06,21/09/2024,15:00,SAUDI ARABIA - SAUDI PROFESSIONAL LEAGUE,Al Hilal,Al Ittihad,1.57,4.5,4.2,1.44,2.63,1.53,2.38
xnXBXpJs,21/09/2024,11:00,SCOTLAND - PREMIERSHIP,Ross County,St Johnstone,2.05,3.5,3.5,2.0,1.85,1.8,1.95
YDQKVOmf,21/09/2024,11:00,SCOTLAND - PREMIERSHIP,St. Mirren,Hearts,2.8,3.4,2.45,1.95,1.9,1.7,2.05
UDZJYzc5,21/09/2024,11:00,SCOTLAND - CHAMPIONSHIP,Morton,Airdrieonians,2.25,3.4,2.75,2.08,1.73,1.83,1.83
xvwSWERH,21/09/2024,11:00,SCOTLAND - CHAMPIONSHIP,Partick Thistle,Dunfermline,1.85,3.4,3.9,1.88,1.98,1.73,2.0
Y5WzVhdU,21/09/2024,11:00,SCOTLAND - CHAMPIONSHIP,Queen's Park,Ayr,2.9,3.4,2.2,1.75,2.05,1.62,2.2
lI6pkdsn,21/09/2024,11:00,SCOTLAND - CHAMPIONSHIP,Raith,Hamilton,1.95,3.1,3.9,1.98,1.88,1.73,2.0
lYjvd8lg,21/09/2024,11:00,SCOTLAND - LEAGUE ONE,Alloa,Kelty Hearts,1.95,3.4,3.5,1.83,2.03,1.67,2.1
AmumfnJ5,21/09/2024,11:00,SCOTLAND - LEAGUE ONE,Arbroath,Annan,2.15,3.6,2.9,1.65,2.2,1.57,2.25
IDrehQmI,21/09/2024,11:00,SCOTLAND - LEAGUE ONE,Dumbarton,Montrose,2.15,3.4,3.0,1.85,2.0,1.67,2.1
Eux4j4IU,21/09/2024,11:00,SCOTLAND - LEAGUE ONE,Inverness,Cove Rangers,1.85,3.4,3.8,1.75,2.05,1.67,2.1
UiCDA73n,21/09/2024,11:00,SCOTLAND - LEAGUE ONE,Stenhousemuir,Queen of South,2.38,3.3,2.7,1.88,1.98,1.67,2.1
fPxCc7ZQ,21/09/2024,11:00,SCOTLAND - LEAGUE TWO,Clyde,Elgin City,2.25,3.4,2.88,1.93,1.93,1.73,2.0
j9wshocl,21/09/2024,11:00,SCOTLAND - LEAGUE TWO,East Fife,Peterhead,2.2,3.3,2.9,2.03,1.83,1.8,1.91
KlVcl3dD,21/09/2024,11:00,SCOTLAND - LEAGUE TWO,Forfar Athletic,Stranraer,2.2,3.25,3.1,2.1,1.7,1.83,1.83
zcDpC6lK,21/09/2024,11:00,SCOTLAND - LEAGUE TWO,Stirling,Bonnyrigg Rose,2.25,3.4,2.8,2.0,1.85,1.8,1.91
WAFm5x3c,21/09/2024,13:30,SCOTLAND - LEAGUE CUP,Aberdeen,Spartans,1.11,7.5,21.0,1.48,2.6,2.5,1.5
bPVTp8Hr,21/09/2024,13:30,SCOTLAND - LEAGUE CUP,Rangers,Dundee FC,1.2,6.0,11.0,1.36,3.1,1.8,1.95
tbbz2lmf,21/09/2024,13:00,SERBIA - SUPER LIGA,Cukaricki,Jedinstvo U.,1.26,5.0,11.25,1.57,2.25,2.02,1.72
2Dnq0SH6,21/09/2024,13:00,SERBIA - SUPER LIGA,TSC,Novi Pazar,1.57,4.0,5.3,1.8,1.95,1.87,1.85
4xTwM9vQ,21/09/2024,15:00,SERBIA - SUPER LIGA,Napredak,Mladost,2.55,3.15,2.7,1.95,1.8,1.7,2.02
QXbwwkpp,21/09/2024,11:00,SERBIA - PRVA LIGA,Sloven Ruma,FK Indjija,3.15,3.0,2.18,2.25,1.5,1.98,1.79
ALYtcAyG,21/09/2024,13:00,SERBIA - PRVA LIGA,Macva,Vozdovac,2.27,3.0,3.0,2.12,1.57,1.91,1.85
plUaTVDi,21/09/2024,07:00,SINGAPORE - PREMIER LEAGUE,Young Lions,Hougang,3.2,4.33,1.75,1.25,4.0,1.3,3.4
YLKiF2et,21/09/2024,13:00,SLOVAKIA - NIKE LIGA,Komarno,Trencin,2.9,3.45,2.3,1.72,2.07,1.57,2.25
GQkXBTll,21/09/2024,13:00,SLOVAKIA - NIKE LIGA,Kosice,Zilina,4.05,3.7,1.82,1.72,2.1,1.65,2.12
8t4t8olD,21/09/2024,13:00,SLOVAKIA - NIKE LIGA,Skalica,Dun. Streda,4.7,3.55,1.75,1.93,1.85,1.8,1.9
dt90HkRQ,21/09/2024,15:30,SLOVAKIA - NIKE LIGA,Slovan Bratislava,Ruzomberok,1.42,4.55,6.7,1.72,2.07,1.93,1.78
QsYeBI3e,21/09/2024,10:30,SLOVAKIA - 2. LIGA,Malzenice,Lubovna,2.25,3.4,2.87,1.85,1.85,1.65,1.98
bTHFVnkA,21/09/2024,10:30,SLOVAKIA - 2. LIGA,Povazska Bystrica,FK Humenne,1.72,3.65,4.3,1.8,1.9,1.72,1.88
hUZmDvZr,21/09/2024,13:00,SLOVAKIA - 2. LIGA,L. Mikulas,Presov,2.8,3.35,2.3,1.8,1.9,1.62,2.02
OIPV6erH,21/09/2024,15:15,SLOVENIA - PRVA LIGA,O. Ljubljana,Bravo,1.47,4.1,6.3,1.78,1.98,1.9,1.8
OdzO0BD5,21/09/2024,11:00,SLOVENIA - 2. SNL,Aluminij,Jadran Dekani,2.18,3.65,2.8,1.65,2.0,1.57,2.12
pCOWbkrI,21/09/2024,11:00,SLOVENIA - 2. SNL,Ilirija,Tolmin,2.18,3.65,2.8,1.65,2.0,1.57,2.12
Qqa5DlcB,21/09/2024,11:00,SLOVENIA - 2. SNL,Rudar,Drava,1.65,4.2,4.0,1.45,2.37,1.5,2.25
IwxvcTCU,21/09/2024,11:15,SLOVENIA - 2. SNL,ND Gorica,NK Krka,1.33,5.1,7.0,1.42,2.47,1.65,1.98
UFQxetsp,21/09/2024,12:30,SLOVENIA - 2. SNL,Triglav,NK Bistrica,2.0,3.8,3.05,1.53,2.2,1.5,2.25
Y5dblpK5,21/09/2024,10:00,SOUTH AFRICA - PREMIERSHIP,Golden Arrows,Marumo Gallants,1.98,2.85,4.5,2.42,1.5,2.05,1.7
tWa6nOlI,21/09/2024,10:00,SOUTH AFRICA - PREMIERSHIP,Magesi,Polokwane,2.85,2.67,2.82,2.57,1.45,2.02,1.7
xbgFp2JU,21/09/2024,12:30,SOUTH AFRICA - PREMIERSHIP,Supersport Utd,Royal AM,1.6,3.6,5.6,2.05,1.72,2.05,1.7
hATO454n,21/09/2024,15:00,SOUTH AFRICA - PREMIERSHIP,Chippa Utd.,Richards Bay,3.05,2.67,2.65,2.82,1.38,2.2,1.6
QLGgm7W1,21/09/2024,10:00,SOUTH AFRICA - MOTSEPE FOUNDATION CHAMPIONSHIP,JDR Stars,Casric Stars,2.42,2.67,3.1,2.66,1.35,2.16,1.66
CUzDh28s,21/09/2024,10:00,SOUTH AFRICA - MOTSEPE FOUNDATION CHAMPIONSHIP,Upington City,Pretoria U.,2.27,2.67,3.4,2.88,1.3,2.32,1.58
vkSIbEc4,21/09/2024,04:30,SOUTH KOREA - K LEAGUE 1,Suwon FC,Gimcheon Sangmu,2.6,3.3,2.6,1.83,2.03,1.67,2.1
MDHNcYCA,21/09/2024,07:00,SOUTH KOREA - K LEAGUE 1,Daegu,Seoul,2.63,3.3,2.45,1.95,1.9,1.73,2.0
84Yx9Oip,21/09/2024,04:30,SOUTH KOREA - K LEAGUE 2,Asan,Jeonnam,2.3,3.6,2.9,1.83,1.98,1.67,2.1
neXt8r7j,21/09/2024,07:00,SOUTH KOREA - K LEAGUE 2,Anyang,Ansan Greeners,1.5,4.33,5.75,1.85,1.95,1.91,1.8
l0BPWRqi,21/09/2024,07:00,SOUTH KOREA - K LEAGUE 2,Cheonan City,Cheongju,3.0,3.1,2.5,2.1,1.7,1.83,1.83
QcQ3Ntdd,21/09/2024,11:15,SPAIN - LALIGA2,Racing Club Ferrol,Albacete,2.45,2.9,3.1,2.4,1.53,2.0,1.73
vw8jopl3,21/09/2024,13:30,SPAIN - LALIGA2,Dep. La Coruna,Burgos CF,1.9,3.3,4.2,2.2,1.65,2.0,1.73
YaoPUO3M,21/09/2024,13:30,SPAIN - LALIGA2,Eldense,R. Oviedo,3.0,2.88,2.63,2.6,1.48,2.1,1.67
v1jwxtBk,21/09/2024,16:00,SPAIN - LALIGA2,Zaragoza,Levante,2.0,3.2,4.0,2.2,1.65,1.91,1.8
481Ont2s,21/09/2024,12:30,SPAIN - PRIMERA RFEF,Sestao,Andorra,3.0,3.25,2.15,2.38,1.53,2.2,1.62
nNJ5cTSi,21/09/2024,14:30,SPAIN - PRIMERA RFEF,Barcelona B,Zamora,1.8,3.25,4.0,2.2,1.65,2.0,1.73
8WbWrUDb,21/09/2024,14:30,SPAIN - PRIMERA RFEF,Celta Vigo B,Unionistas,2.0,3.4,3.2,1.9,1.9,1.73,2.0
hbXhn3Kj,21/09/2024,16:30,SPAIN - PRIMERA RFEF,Tarazona,R. Union,2.7,2.88,2.55,2.63,1.44,2.2,1.62
KGmqkkuH,21/09/2024,12:30,SPAIN - PRIMERA RFEF,Merida AD,UD Ibiza,2.9,3.1,2.3,2.35,1.57,2.0,1.73
jNGgvYQb,21/09/2024,14:30,SPAIN - PRIMERA RFEF,Atl. Madrid B,Yeclano,1.85,3.4,3.6,2.2,1.65,2.1,1.67
bmK1xCeB,21/09/2024,16:30,SPAIN - PRIMERA RFEF,Hercules,Murcia,2.38,3.1,2.7,2.2,1.65,1.91,1.8
UHHG8lLt,21/09/2024,07:00,SPAIN - LIGA F WOMEN,Granada CF W,Eibar W,2.9,3.55,2.07,1.7,1.93,1.57,2.25
QqBP6Skg,21/09/2024,07:00,SPAIN - LIGA F WOMEN,Levante W,Real Sociedad W,2.17,3.1,3.08,1.76,1.95,1.6,2.2
bc9X46K5,21/09/2024,12:00,SPAIN - LIGA F WOMEN,Badalona W,Madrid C. W,2.65,3.3,2.32,1.7,1.91,1.57,2.25
WlSMMXGK,21/09/2024,10:00,SWEDEN - ALLSVENSKAN,Kalmar,AIK,4.1,3.6,1.85,1.98,1.88,1.8,1.95
GM3gHBvr,21/09/2024,12:30,SWEDEN - ALLSVENSKAN,Brommapojkarna,Mjallby,2.35,3.6,2.8,1.65,2.2,1.53,2.38
be4ixsil,21/09/2024,10:00,SWEDEN - ALLSVENSKAN WOMEN,Vittsjo W,Kristianstad W,4.4,3.45,1.7,1.87,1.78,1.85,1.85
dWNMmkfl,21/09/2024,13:00,SWITZERLAND - SUPER LEAGUE,Grasshoppers,Servette,3.6,3.75,1.95,1.73,2.08,1.67,2.1
4dRUoTO0,21/09/2024,13:00,SWITZERLAND - SUPER LEAGUE,St. Gallen,Luzern,1.85,3.8,3.8,1.48,2.6,1.44,2.63
QBFwp7gD,21/09/2024,15:30,SWITZERLAND - SUPER LEAGUE,Basel,Zurich,2.0,3.7,3.5,1.83,2.03,1.73,2.0
Kd3aw7F7,21/09/2024,11:00,SWITZERLAND - PROMOTION LEAGUE,Breitenrain,Zurich II,2.45,3.5,2.52,1.53,2.18,1.45,2.37
bsFjuTpe,21/09/2024,11:00,SWITZERLAND - PROMOTION LEAGUE,Lugano II,Luzern II,3.0,3.55,2.1,1.47,2.32,1.42,2.45
jHBrskGr,21/09/2024,11:00,SWITZERLAND - PROMOTION LEAGUE,Young Boys II,Grand-Saconnex,2.55,3.5,2.42,1.44,2.4,1.38,2.6
MogKnBhL,21/09/2024,12:00,SWITZERLAND - PROMOTION LEAGUE,Bulle,Cham,2.82,3.5,2.22,1.52,2.22,1.44,2.42
lYfClXN8,21/09/2024,12:30,SWITZERLAND - PROMOTION LEAGUE,Kriens,Paradiso,1.8,3.55,4.0,1.75,1.95,1.65,1.98
t2lfalxR,21/09/2024,12:30,SWITZERLAND - PROMOTION LEAGUE,Vevey,Bavois,2.27,3.5,2.77,1.5,2.25,1.42,2.45
YPCPQTV1,21/09/2024,15:00,SWITZERLAND - PROMOTION LEAGUE,Delemont,Basel II,2.3,3.55,2.7,1.45,2.37,1.39,2.57
UcPvbk7m,21/09/2024,05:00,TAIWAN - MULAN FOOTBALL LEAGUE WOMEN,Taichung Blue W,Hualien W,1.14,6.2,14.0,1.48,2.46,2.55,1.45
bPyNu8iJ,21/09/2024,07:30,TAIWAN - MULAN FOOTBALL LEAGUE WOMEN,Kaohsiung W,Taipei Bravo W,1.47,4.05,5.4,1.62,2.02,1.73,2.0
byl18tMg,21/09/2024,08:00,TAJIKISTAN - VYSSHAYA LIGA,Vakhsh,CSKA Pomir Dushanbe,2.5,3.2,2.5,2.2,1.65,1.85,1.91
vs0D9nCt,21/09/2024,08:00,TANZANIA - LIGI KUU BARA,Tanzania Prisons,Dodoma Jiji,2.05,3.0,3.5,2.55,1.45,2.22,1.63
CfbL7Qtg,21/09/2024,10:15,TANZANIA - LIGI KUU BARA,Pamba,Mashujaa,2.62,2.9,2.62,2.32,1.47,2.1,1.7
6kwDpnsT,21/09/2024,08:00,THAILAND - THAI LEAGUE 1,Nong Bua Pitchaya,Uthai Thani,2.42,3.35,2.7,1.65,2.15,1.53,2.35
IT6V2Tdc,21/09/2024,09:00,THAILAND - THAI LEAGUE 1,Ratchaburi,Nakhon Ratchasima FC,1.53,3.9,5.9,1.83,1.9,1.9,1.8
xWMW07R9,21/09/2024,10:00,THAILAND - THAI LEAGUE 1,Sukhothai,Lamphun Warrior,3.1,3.3,2.22,1.75,2.02,1.57,2.25
Kf8of7pI,21/09/2024,11:00,TURKEY - SUPER LIG,Konyaspor,Sivasspor,2.1,3.4,3.4,2.08,1.73,1.83,1.83
t4mCu8VO,21/09/2024,14:00,TURKEY - SUPER LIG,Fenerbahce,Galatasaray,2.15,3.4,3.25,1.6,2.3,1.5,2.5
r99yDMc4,21/09/2024,10:00,TURKEY - 1. LIG,Pendikspor,Genclerbirligi,1.7,3.6,4.2,1.98,1.83,1.91,1.8
vNNBd1DN,21/09/2024,13:00,TURKEY - 1. LIG,Amedspor,Boluspor,1.62,3.6,4.75,2.1,1.7,2.0,1.73
I7Z2bNrB,21/09/2024,13:00,TURKEY - 1. LIG,Ankaragucu,Sakaryaspor,1.65,3.6,4.5,1.9,1.9,1.83,1.83
hlE4ixL5,21/09/2024,07:00,UKRAINE - PREMIER LEAGUE,Ch. Odesa,Karpaty Lviv,2.82,3.1,2.4,2.1,1.57,1.85,1.75
bJ6hi7WN,21/09/2024,09:30,UKRAINE - PREMIER LEAGUE,Oleksandriya,Livyi Bereg,1.5,3.7,6.4,2.07,1.6,2.18,1.53
Eoiwl3ED,21/09/2024,12:00,UKRAINE - PREMIER LEAGUE,Dyn. Kyiv,Rukh Lviv,1.33,4.25,9.75,1.7,1.91,2.0,1.65
8YcyjTom,21/09/2024,06:00,UKRAINE - PERSHA LIGA,MFC Metalurh,UCSA,5.3,3.65,1.55,1.57,2.12,1.65,2.18
Y126IuiR,21/09/2024,08:00,UKRAINE - PERSHA LIGA,Podillya Khmelnytskyi,Nyva Ternopil,2.32,3.1,2.8,1.78,1.85,1.64,2.2
0l4bK1ME,21/09/2024,09:00,UKRAINE - PERSHA LIGA,Ahrobiznes Volochysk,Epitsentr,1.88,3.25,3.7,2.05,1.62,1.94,1.82
6yMZhWGD,21/09/2024,10:30,UNITED ARAB EMIRATES - UAE LEAGUE,Al Sharjah,Al Jazira,2.0,3.7,3.2,1.53,2.35,1.5,2.42
0jqbLhkh,21/09/2024,10:25,UNITED ARAB EMIRATES - PRESIDENTS CUP,Al Thaid,Al Hamriyah,2.27,3.6,2.82,1.72,2.0,1.62,2.23
hpMW4X4B,21/09/2024,10:25,UNITED ARAB EMIRATES - PRESIDENTS CUP,Hatta,Al Arabi,2.4,3.7,2.55,1.65,2.1,1.56,2.36
8On4Zxb9,21/09/2024,13:30,URUGUAY - PRIMERA DIVISION,Rampla Juniors,Cerro Largo,3.0,2.88,2.5,2.25,1.62,1.83,1.83
GljCXGSL,21/09/2024,16:00,URUGUAY - PRIMERA DIVISION,Racing Montevideo,Progreso,2.15,3.1,3.75,2.03,1.83,1.73,2.0
0MRrSfjq,21/09/2024,19:00,URUGUAY - PRIMERA DIVISION,Nacional,Defensor Sp.,1.55,4.0,5.0,1.93,1.93,2.0,1.73
CAvUgWQG,21/09/2024,15:00,USA - MLS,New York City,Inter Miami,2.55,3.7,2.6,1.44,2.7,1.4,2.75
6XwYhjtN,21/09/2024,17:00,USA - MLS,Charlotte,New England Revolution,1.7,4.2,4.5,1.67,2.15,1.7,2.05
rBhIe7Ef,21/09/2024,20:30,USA - MLS,CF Montreal,Chicago Fire,2.15,3.5,3.3,1.65,2.2,1.53,2.38
I7sxhAeT,21/09/2024,20:30,USA - MLS,Columbus Crew,Orlando City,1.73,4.0,4.5,1.53,2.4,1.57,2.25
OlK4mU3p,21/09/2024,20:30,USA - MLS,New York Red Bulls,Atlanta Utd,1.7,4.0,4.75,1.62,2.25,1.62,2.2
2uJ8nlJj,21/09/2024,21:30,USA - MLS,Austin FC,Houston Dynamo,2.8,3.4,2.5,1.85,2.0,1.67,2.1
jeCjBXei,21/09/2024,21:30,USA - MLS,FC Dallas,Los Angeles FC,3.0,3.5,2.3,1.7,2.1,1.57,2.25
CA0a9BQ3,21/09/2024,21:30,USA - MLS,Nashville SC,FC Cincinnati,3.0,3.4,2.38,1.75,2.05,1.62,2.2
UoBfAiBc,21/09/2024,21:30,USA - MLS,Sporting Kansas City,Minnesota United,1.95,3.8,3.6,1.5,2.5,1.44,2.63
tdBLfRT0,21/09/2024,22:30,USA - MLS,Colorado Rapids,Toronto FC,1.73,4.0,4.5,1.53,2.4,1.53,2.38
QD438VuA,21/09/2024,22:30,USA - MLS,Real Salt Lake,Portland Timbers,1.8,4.0,4.0,1.4,2.88,1.4,2.75
zJAPgoq7,21/09/2024,23:30,USA - MLS,Los Angeles Galaxy,Vancouver Whitecaps,1.8,4.0,4.0,1.44,2.7,1.44,2.63
Kz477keG,21/09/2024,23:30,USA - MLS,San Jose Earthquakes,St. Louis City,2.5,3.75,2.55,1.44,2.7,1.4,2.75
ELuaUGZO,21/09/2024,20:00,USA - USL CHAMPIONSHIP,Hartford Athletic,Oakland Roots,2.15,3.45,2.87,1.83,1.9,1.7,2.02
S4wmXIk6,21/09/2024,20:30,USA - USL CHAMPIONSHIP,Charleston,Tampa Bay,1.88,3.6,3.4,1.72,2.05,1.65,2.1
n9ADmvzm,21/09/2024,20:30,USA - USL CHAMPIONSHIP,North Carolina,Indy Eleven,2.02,3.5,3.1,1.72,2.05,1.62,2.15
6BQEoI4a,21/09/2024,20:30,USA - USL CHAMPIONSHIP,Rhode Island,FC Tulsa,1.45,3.6,7.6,1.98,1.78,2.05,1.7
zVteVdKI,21/09/2024,22:00,USA - USL CHAMPIONSHIP,El Paso,Colorado Springs,2.82,3.45,2.18,1.87,1.87,1.72,2.0
hnB9lKKt,21/09/2024,23:00,USA - USL CHAMPIONSHIP,Monterey Bay,Orange County SC,2.07,3.25,3.25,2.05,1.72,1.83,1.87
GQJsg0CP,21/09/2024,23:30,USA - USL CHAMPIONSHIP,Las Vegas Lights,Sacramento Republic,2.55,3.2,2.55,1.93,1.82,1.72,2.02
Qa9Hnbkg,21/09/2024,23:30,USA - USL CHAMPIONSHIP,Phoenix Rising,San Antonio,2.18,3.15,3.1,2.07,1.7,1.83,1.87
ShmDNtiT,21/09/2024,09:00,UZBEKISTAN - SUPER LEAGUE,Metallurg Bekabad,Pakhtakor,3.8,3.0,2.02,2.32,1.47,2.02,1.62
b3zMMkbe,21/09/2024,17:00,VENEZUELA - LIGA FUTVE,Rayo Zuliano,Metropolitanos,2.8,2.9,2.6,2.07,1.6,1.78,1.83
UPwoLxNj,21/09/2024,18:45,VENEZUELA - LIGA FUTVE,Dep. Tachira,Inter de Barinas,1.35,4.25,8.75,1.93,1.7,2.32,1.47
YghFQbaT,21/09/2024,21:30,VENEZUELA - LIGA FUTVE,Portuguesa,Universidad Central,2.35,3.2,2.85,2.15,1.55,1.91,1.7
EmhKoXo2,21/09/2024,07:00,VIETNAM - V.LEAGUE 1,Gia Lai,Song Lam Nghe An,2.25,2.95,3.25,2.15,1.55,1.85,1.75
tfp69zv9,21/09/2024,08:00,VIETNAM - V.LEAGUE 1,Binh Duong,Hai Phong,3.0,3.1,2.3,1.87,1.85,1.62,2.05
vXSFbEFc,21/09/2024,10:30,WALES - CYMRU PREMIER,Barry,Caernarfon,1.98,3.5,3.2,1.7,2.07,1.6,2.22
pUVNdhpA,21/09/2024,10:30,WALES - CYMRU PREMIER,Briton Ferry,Flint,4.1,3.8,1.7,1.55,2.32,1.55,2.3
6qKWfWEM,21/09/2024,10:30,WALES - CYMRU PREMIER,Cardiff Metropolitan,Connahs Q.,3.7,3.4,1.87,1.82,1.91,1.72,2.02
